,Job,Create,Start
0,a01,2023-10-14 10:13:42,2023-10-14 10:13:42
1,a02,2023-10-14 10:34:31,2023-10-14 10:35:04
2,a03,2023-10-14 10:34:19,2023-10-14 10:34:19
3,a04,2023-10-14 10:17:39,2023-10-14 10:18:55
4,a05,2023-10-14 10:29:00,2023-10-14 10:33:22
5,b01,2023-10-14 10:38:47,2023-10-14 10:39:22
6,b02,2023-10-14 10:39:48,2023-10-14 10:39:48
7,b03,2023-10-14 10:14:40,2023-10-14 10:14:40
8,b04,2023-10-14 10:40:40,2023-10-14 10:43:49
9,b05,2023-10-14 10:39:55,2023-10-14 10:40:33
10,c01,2023-10-14 10:22:58,2023-10-14 10:22:58
11,c02,2023-10-14 10:12:49,2023-10-14 10:12:49
12,c03,2023-10-14 10:35:10,2023-10-14 10:38:38
13,c04,2023-10-14 10:39:37,2023-10-14 10:39:37
14,c05,2023-10-14 10:43:58,2023-10-14 10:44:57
15,d01,2023-10-14 10:33:37,2023-10-14 10:34:04
16,d02,2023-10-14 10:19:01,2023-10-14 10:22:42
17,d03,2023-10-14 10:28:18,2023-10-14 10:28:45
18,d04,2023-10-14 10:15:46,2023-10-14 10:17:23
19,d05,2023-10-14 10:23:10,2023-10-14 10:28:01
